CREATE DATABASE  IF NOT EXISTS `todo` /*!40100 DEFAULT CHARACTER SET utf8mb4 COLLATE utf8mb4_0900_ai_ci */ /*!80016 DEFAULT ENCRYPTION='N' */;
USE `todo`;
-- MySQL dump 10.13  Distrib 8.0.33, for macos13 (x86_64)
--
-- Host: localhost    Database: todo
-- ------------------------------------------------------
-- Server version	8.0.33

/*!40101 SET @OLD_CHARACTER_SET_CLIENT=@@CHARACTER_SET_CLIENT */;
/*!40101 SET @OLD_CHARACTER_SET_RESULTS=@@CHARACTER_SET_RESULTS */;
/*!40101 SET @OLD_COLLATION_CONNECTION=@@COLLATION_CONNECTION */;
/*!50503 SET NAMES utf8 */;
/*!40103 SET @OLD_TIME_ZONE=@@TIME_ZONE */;
/*!40103 SET TIME_ZONE='+00:00' */;
/*!40014 SET @OLD_UNIQUE_CHECKS=@@UNIQUE_CHECKS, UNIQUE_CHECKS=0 */;
/*!40014 SET @OLD_FOREIGN_KEY_CHECKS=@@FOREIGN_KEY_CHECKS, FOREIGN_KEY_CHECKS=0 */;
/*!40101 SET @OLD_SQL_MODE=@@SQL_MODE, SQL_MODE='NO_AUTO_VALUE_ON_ZERO' */;
/*!40111 SET @OLD_SQL_NOTES=@@SQL_NOTES, SQL_NOTES=0 */;

--
-- Table structure for table `tag`
--

DROP TABLE IF EXISTS `tag`;
/*!40101 SET @saved_cs_client     = @@character_set_client */;
/*!50503 SET character_set_client = utf8mb4 */;
CREATE TABLE `tag` (
  `tag_id` int NOT NULL AUTO_INCREMENT,
  `tag_name` varchar(100) NOT NULL,
  PRIMARY KEY (`tag_id`)
) ENGINE=InnoDB AUTO_INCREMENT=74 DEFAULT CHARSET=utf8mb4 COLLATE=utf8mb4_0900_ai_ci;
/*!40101 SET character_set_client = @saved_cs_client */;

--
-- Dumping data for table `tag`
--

LOCK TABLES `tag` WRITE;
/*!40000 ALTER TABLE `tag` DISABLE KEYS */;
INSERT INTO `tag` VALUES (71,'Urgent'),(72,'Important'),(73,'Optional');
/*!40000 ALTER TABLE `tag` ENABLE KEYS */;
UNLOCK TABLES;

--
-- Table structure for table `todo_item`
--

DROP TABLE IF EXISTS `todo_item`;
/*!40101 SET @saved_cs_client     = @@character_set_client */;
/*!50503 SET character_set_client = utf8mb4 */;
CREATE TABLE `todo_item` (
  `item_id` int NOT NULL AUTO_INCREMENT,
  `list_id` int NOT NULL,
  `tag_id` int DEFAULT NULL,
  `task` varchar(100) NOT NULL,
  `done` enum('T','F') NOT NULL DEFAULT 'F',
  PRIMARY KEY (`item_id`),
  KEY `fk_list_id_idx` (`list_id`),
  KEY `fk_tag_id_idx` (`tag_id`),
  CONSTRAINT `fk_list_id` FOREIGN KEY (`list_id`) REFERENCES `todo_list` (`list_id`) ON DELETE CASCADE,
  CONSTRAINT `fk_tag_id` FOREIGN KEY (`tag_id`) REFERENCES `tag` (`tag_id`)
) ENGINE=InnoDB AUTO_INCREMENT=229 DEFAULT CHARSET=utf8mb4 COLLATE=utf8mb4_0900_ai_ci;
/*!40101 SET character_set_client = @saved_cs_client */;

--
-- Dumping data for table `todo_item`
--

LOCK TABLES `todo_item` WRITE;
/*!40000 ALTER TABLE `todo_item` DISABLE KEYS */;
INSERT INTO `todo_item` VALUES (217,1011,71,'Study chapter 9','T'),(218,1011,71,'Study chapter 10','T'),(219,1011,71,'Study chapter 11','F'),(220,1011,71,'Study chapter 12','F'),(221,1012,72,'Bread','T'),(222,1012,72,'Potatoes','F'),(223,1012,72,'Candy','F'),(226,1012,72,'Ice cream','F');
/*!40000 ALTER TABLE `todo_item` ENABLE KEYS */;
UNLOCK TABLES;

--
-- Table structure for table `todo_list`
--

DROP TABLE IF EXISTS `todo_list`;
/*!40101 SET @saved_cs_client     = @@character_set_client */;
/*!50503 SET character_set_client = utf8mb4 */;
CREATE TABLE `todo_list` (
  `list_id` int NOT NULL AUTO_INCREMENT,
  `user_id` int NOT NULL,
  `list_name` varchar(100) NOT NULL,
  `reminder` datetime DEFAULT NULL,
  PRIMARY KEY (`list_id`),
  KEY `fk_user_id_idx` (`user_id`),
  CONSTRAINT `fk_user_id` FOREIGN KEY (`user_id`) REFERENCES `user` (`user_id`)
) ENGINE=InnoDB AUTO_INCREMENT=1031 DEFAULT CHARSET=utf8mb4 COLLATE=utf8mb4_0900_ai_ci;
/*!40101 SET character_set_client = @saved_cs_client */;

--
-- Dumping data for table `todo_list`
--

LOCK TABLES `todo_list` WRITE;
/*!40000 ALTER TABLE `todo_list` DISABLE KEYS */;
INSERT INTO `todo_list` VALUES (1011,1,'Study tasks list','2023-06-08 23:50:10'),(1012,1,'Groceries list','2023-06-18 23:00:00'),(1013,2,'Cleaning list','2023-06-20 00:00:00'),(1015,3,'Shopping list','2023-06-20 00:00:00'),(1030,3,'Random list',NULL);
/*!40000 ALTER TABLE `todo_list` ENABLE KEYS */;
UNLOCK TABLES;

--
-- Table structure for table `user`
--

DROP TABLE IF EXISTS `user`;
/*!40101 SET @saved_cs_client     = @@character_set_client */;
/*!50503 SET character_set_client = utf8mb4 */;
CREATE TABLE `user` (
  `user_id` int NOT NULL AUTO_INCREMENT,
  `username` varchar(100) NOT NULL,
  `email` varchar(100) NOT NULL,
  `password` varchar(50) NOT NULL,
  PRIMARY KEY (`user_id`),
  UNIQUE KEY `username_UNIQUE` (`username`),
  UNIQUE KEY `email_UNIQUE` (`email`)
) ENGINE=InnoDB AUTO_INCREMENT=17 DEFAULT CHARSET=utf8mb4 COLLATE=utf8mb4_0900_ai_ci;
/*!40101 SET character_set_client = @saved_cs_client */;

--
-- Dumping data for table `user`
--

LOCK TABLES `user` WRITE;
/*!40000 ALTER TABLE `user` DISABLE KEYS */;
INSERT INTO `user` VALUES (1,'dxenia','dxenia@email.com','dx123'),(2,'bennyb','benny@email.com','benny123'),(3,'mimicatto','mimi@email.com','mimi123'),(4,'kiki','kiki@email.com','kiki123'),(13,'pupi','pupino@email.com','pupi123');
/*!40000 ALTER TABLE `user` ENABLE KEYS */;
UNLOCK TABLES;
/*!40103 SET TIME_ZONE=@OLD_TIME_ZONE */;

/*!40101 SET SQL_MODE=@OLD_SQL_MODE */;
/*!40014 SET FOREIGN_KEY_CHECKS=@OLD_FOREIGN_KEY_CHECKS */;
/*!40014 SET UNIQUE_CHECKS=@OLD_UNIQUE_CHECKS */;
/*!40101 SET CHARACTER_SET_CLIENT=@OLD_CHARACTER_SET_CLIENT */;
/*!40101 SET CHARACTER_SET_RESULTS=@OLD_CHARACTER_SET_RESULTS */;
/*!40101 SET COLLATION_CONNECTION=@OLD_COLLATION_CONNECTION */;
/*!40111 SET SQL_NOTES=@OLD_SQL_NOTES */;

-- Dump completed on 2023-06-11 22:16:55
